<?xml version="1.0" encoding="UTF-8"?>
<project-private xmlns="http://www.netbeans.org/ns/project-private/1">
    <editor-bookmarks xmlns="http://www.netbeans.org/ns/editor-bookmarks/2" lastBookmarkId="0"/>
    <open-files xmlns="http://www.netbeans.org/ns/projectui-open-files/2">
        <group>
            <file>file:/C:/Users/A%20Emad/Documents/NetBeansProjects/HOTEL_PROJECT/src/hotel_project/home.java</file>
            <file>file:/C:/Users/A%20Emad/Documents/NetBeansProjects/HOTEL_PROJECT/src/hotel_project/signup.java</file>
            <file>file:/C:/Users/A%20Emad/Documents/NetBeansProjects/HOTEL_PROJECT/src/hotel_project/INTERFace.java</file>
            <file>file:/C:/Users/A%20Emad/Documents/NetBeansProjects/HOTEL_PROJECT/src/hotel_project/check_out.java</file>
            <file>file:/C:/Users/A%20Emad/Documents/NetBeansProjects/HOTEL_PROJECT/src/hotel_project/login_manager.java</file>
            <file>file:/C:/Users/A%20Emad/Documents/NetBeansProjects/HOTEL_PROJECT/src/hotel_project/forgot_password.java</file>
            <file>file:/C:/Users/A%20Emad/Documents/NetBeansProjects/HOTEL_PROJECT/src/hotel_project/check_in.java</file>
        </group>
    </open-files>
</project-private>
